category,image_path,image_url,title
Mt everest,,,a view of a mountain range from an airplane
Mt everest,,,
Mt everest,,,
Mt everest,,,A snow covered mountain with clouds in the sky
Mt everest,,,
Mt everest,,,a snow covered mountain with the sun shining on it
Mt everest,,,
Mt everest,,,
Mt everest,,,
Mt everest,,,
Mt everest,,,white clouds and blue sky during daytime
Mt everest,,,
Mt everest,,,
Mt everest,,,
Mt everest,,,uphill girl with seal skins and ski mountaineering on the alps
Mt everest,,,
Mt everest,,,
Mt everest,,,
Mt everest,,,high angle photography of river
Mt everest,,,
Mt everest,,,
Mt everest,,,
Mt everest,,,white and black mountains under blue sky during daytime
Mt everest,,,
Mt everest,,,
Mt everest,,,
Mt everest,,,a man standing on top of a large rock
Mt everest,,,
Mt everest,,,
Mt everest,,,
Mt everest,,,
Mt everest,,,A panoramic view of the Mountain peak Everest (Jomolungma) Nepal - highest mount in the world
Mt everest,,,
Mt everest,,,
Mt everest,,,A man standing on top of a snow covered mountain
Mt everest,,,
Mt everest,,,
Mt everest,,,
Mt everest,,,
Mt everest,,,snow covered mountains under blue sky during daytime
Mt everest,,,
Mt everest,,,
Mt everest,,,
Mt everest,,,
Mt everest,,,houses near mountain during daytime
Mt everest,,,
Mt everest,,,
Mt everest,,,a very tall mountain covered in snow under a cloudy sky
Mt everest,,,
Mt everest,,,
Mt everest,,,green trees and mountains under blue sky during daytime
Mt everest,,,
Mt everest,,,
Mt everest,,,
Mt everest,,,snow covered mountain under blue sky during daytime
Mt everest,,,
Mt everest,,,
Mt everest,,,
Mt everest,,,
Mt everest,,,mountains during daytime
Mt everest,,,
Mt everest,,,
Mt everest,,,"A breathtaking shot of Everest mountain covered in snow from Gokyo Ri, Nepal. Perfect for a wallpaper or a background."
Mt everest,,,
Mt everest,,,
Mt everest,,,
Mt everest,,,green tree
Mt everest,,,
Mt everest,,,
Mt everest,,,
Mt everest,,,
Mt everest,,,brown wooden shed on brown grass field under cloudy sky during daytime
Mt everest,,,
Mt everest,,,
Mt everest,,,
Mt everest,,,
Mt everest,,,brown barn on grass field
Mt everest,,,
Mt everest,,,
Mt everest,,,
Mt everest,,,a view of a mountain range from an airplane
Mt everest,,,
Mt everest,,,
Mt everest,,,uphill girl with seal skins and ski mountaineering on the alps
Mt everest,,,
Mt everest,,,
Mt everest,,,
Mt everest,,,high angle photography of river
Mt everest,,,
Mt everest,,,
Mt everest,,,a man standing on top of a large rock
Mt everest,,,
Mt everest,,,
Mt everest,,,
Mt everest,,,snow covered mountains under blue sky during daytime
Mt everest,,,
Mt everest,,,
Mt everest,,,
Mt everest,,,a very tall mountain covered in snow under a cloudy sky
Mt everest,,,
Mt everest,,,
Mt everest,,,snow covered mountain under blue sky during daytime
Mt everest,,,
Mt everest,,,
Mt everest,,,
Mt everest,,,"A breathtaking shot of Everest mountain covered in snow from Gokyo Ri, Nepal. Perfect for a wallpaper or a background."
Mt everest,,,
Mt everest,,,
Mt everest,,,
Mt everest,,,brown wooden shed on brown grass field under cloudy sky during daytime
Mt everest,,,
Mt everest,,,
Mt everest,,,
Mt everest,,,brown barn on grass field
Mt everest,,,
Mt everest,,,
Mt everest,,,A snow covered mountain with clouds in the sky
Mt everest,,,a snow covered mountain with the sun shining on it
Mt everest,,,
Mt everest,,,
Mt everest,,,
Mt everest,,,white clouds and blue sky during daytime
Mt everest,,,
Mt everest,,,
Mt everest,,,white and black mountains under blue sky during daytime
Mt everest,,,
Mt everest,,,
Mt everest,,,A panoramic view of the Mountain peak Everest (Jomolungma) Nepal - highest mount in the world
Mt everest,,,
Mt everest,,,
Mt everest,,,A man standing on top of a snow covered mountain
Mt everest,,,
Mt everest,,,
Mt everest,,,
Mt everest,,,houses near mountain during daytime
Mt everest,,,
Mt everest,,,green trees and mountains under blue sky during daytime
Mt everest,,,
Mt everest,,,
Mt everest,,,mountains during daytime
Mt everest,,,
Mt everest,,,green tree
Mt everest,,,
Mt everest,,,
Mt everest,,,
Mt everest,,,a view of a mountain range from an airplane
Mt everest,,,
Mt everest,,,
Mt everest,,,white and black mountains under blue sky during daytime
Mt everest,,,
Mt everest,,,
Mt everest,,,A man standing on top of a snow covered mountain
Mt everest,,,
Mt everest,,,
Mt everest,,,
Mt everest,,,houses near mountain during daytime
Mt everest,,,
Mt everest,,,snow covered mountain under blue sky during daytime
Mt everest,,,
Mt everest,,,
Mt everest,,,
Mt everest,,,green tree
Mt everest,,,
Mt everest,,,
Mt everest,,,
Mt everest,,,A snow covered mountain with clouds in the sky
Mt everest,,,white clouds and blue sky during daytime
Mt everest,,,
Mt everest,,,
Mt everest,,,a man standing on top of a large rock
Mt everest,,,
Mt everest,,,
Mt everest,,,
Mt everest,,,green trees and mountains under blue sky during daytime
Mt everest,,,
Mt everest,,,
Mt everest,,,"A breathtaking shot of Everest mountain covered in snow from Gokyo Ri, Nepal. Perfect for a wallpaper or a background."
Mt everest,,,
Mt everest,,,
Mt everest,,,
Mt everest,,,brown wooden shed on brown grass field under cloudy sky during daytime
Mt everest,,,
Mt everest,,,
Mt everest,,,
Mt everest,,,a snow covered mountain with the sun shining on it
Mt everest,,,
Mt everest,,,
Mt everest,,,
Mt everest,,,uphill girl with seal skins and ski mountaineering on the alps
Mt everest,,,
Mt everest,,,
Mt everest,,,
Mt everest,,,high angle photography of river
Mt everest,,,
Mt everest,,,
Mt everest,,,A panoramic view of the Mountain peak Everest (Jomolungma) Nepal - highest mount in the world
Mt everest,,,
Mt everest,,,
Mt everest,,,snow covered mountains under blue sky during daytime
Mt everest,,,
Mt everest,,,
Mt everest,,,
Mt everest,,,a very tall mountain covered in snow under a cloudy sky
Mt everest,,,
Mt everest,,,
Mt everest,,,mountains during daytime
Mt everest,,,
Mt everest,,,brown barn on grass field
Mt everest,,,
Mt everest,,,
Actress,,,a woman sitting on a bench wearing a hat
Actress,,,
Actress,,,
Actress,,,four men standing outside Feed and Grain store
Actress,,,
Actress,,,
Actress,,,
Actress,,,man filming standing woman
Actress,,,
Actress,,,
Actress,,,
Actress,,,
Actress,,,woman in car
Actress,,,
Actress,,,
Actress,,,
Actress,,,a woman laying on a bed with a towel on her head
Actress,,,
Actress,,,
Actress,,,
Actress,,,woman dancing on stage near black cameras
Actress,,,
Actress,,,
Actress,,,
Actress,,,lined people riding horse
Actress,,,
Actress,,,
Actress,,,
Actress,,,person taking photo of people during daytime
Actress,,,
Actress,,,
Actress,,,
Actress,,,
Actress,,,a close up of a person with a cell phone
Actress,,,
Actress,,,
Actress,,,
Actress,,,a man and woman walking on a boat
Actress,,,
Actress,,,
Actress,,,
Actress,,,
Actress,,,person holding black corded headphones
Actress,,,
Actress,,,
Actress,,,
Actress,,,
Actress,,,people standing near buildings during daytime
Actress,,,
Actress,,,
Actress,,,
Actress,,,
Actress,,,White dress and elegant woman
Actress,,,
Actress,,,
Actress,,,
Actress,,,a person standing on a tennis court in the dark
Actress,,,
Actress,,,
Actress,,,a man and a woman sitting at a table
Actress,,,
Actress,,,
Actress,,,
Actress,,,
Actress,,,woman in white lace dress kissing mans cheek
Actress,,,
Actress,,,
Actress,,,a woman in a white dress standing in front of a crowd of people
Actress,,,
Actress,,,
Actress,,,
Actress,,,men's gray crew-neck t-shirt and black shorts
Actress,,,
Actress,,,
Actress,,,
Actress,,,
Actress,,,woman holding smartphone while lying on bed near man holding professional camera
Actress,,,
Actress,,,
Actress,,,
Actress,,,
Actress,,,woman posing beside lite window
Actress,,,
Actress,,,
Actress,,,
Actress,,,
Actress,,,a woman sitting on a bench wearing a hat
Actress,,,
Actress,,,
Actress,,,man filming standing woman
Actress,,,
Actress,,,
Actress,,,
Actress,,,a woman laying on a bed with a towel on her head
Actress,,,
Actress,,,
Actress,,,
Actress,,,lined people riding horse
Actress,,,
Actress,,,
Actress,,,a man and woman walking on a boat
Actress,,,
Actress,,,
Actress,,,
Actress,,,people standing near buildings during daytime
Actress,,,
Actress,,,
Actress,,,
Actress,,,White dress and elegant woman
Actress,,,
Actress,,,
Actress,,,
Actress,,,woman in white lace dress kissing mans cheek
Actress,,,
Actress,,,woman holding smartphone while lying on bed near man holding professional camera
Actress,,,
Actress,,,
Actress,,,
Actress,,,four men standing outside Feed and Grain store
Actress,,,
Actress,,,
Actress,,,woman in car
Actress,,,
Actress,,,
Actress,,,woman dancing on stage near black cameras
Actress,,,
Actress,,,
Actress,,,person taking photo of people during daytime
Actress,,,
Actress,,,
Actress,,,
Actress,,,a close up of a person with a cell phone
Actress,,,
Actress,,,
Actress,,,
Actress,,,person holding black corded headphones
Actress,,,
Actress,,,
Actress,,,
Actress,,,a person standing on a tennis court in the dark
Actress,,,
Actress,,,a man and a woman sitting at a table
Actress,,,
Actress,,,
Actress,,,
Actress,,,a woman in a white dress standing in front of a crowd of people
Actress,,,
Actress,,,
Actress,,,
Actress,,,men's gray crew-neck t-shirt and black shorts
Actress,,,
Actress,,,
Actress,,,
Actress,,,woman posing beside lite window
Actress,,,
Actress,,,
Actress,,,
Actress,,,a woman sitting on a bench wearing a hat
Actress,,,
Actress,,,
Actress,,,a woman laying on a bed with a towel on her head
Actress,,,
Actress,,,
Actress,,,
Actress,,,person taking photo of people during daytime
Actress,,,
Actress,,,
Actress,,,
Actress,,,a man and woman walking on a boat
Actress,,,
Actress,,,
Actress,,,
Actress,,,White dress and elegant woman
Actress,,,
Actress,,,
Actress,,,
Actress,,,men's gray crew-neck t-shirt and black shorts
Actress,,,
Actress,,,
Actress,,,
Actress,,,woman posing beside lite window
Actress,,,
Actress,,,
Actress,,,
Actress,,,four men standing outside Feed and Grain store
List,,,"Notepad and tick on sheet paper, on light purple background. Gears with todo list. Concept of list administration and management. 3D rendering"
Halloween,,,a decorated cookie with halloween decorations on it
Actress,,,
Actress,,,
Actress,,,woman dancing on stage near black cameras
Actress,,,
Actress,,,
Actress,,,a close up of a person with a cell phone
Actress,,,
Actress,,,
Actress,,,
Actress,,,people standing near buildings during daytime
Actress,,,
Actress,,,
Actress,,,
Actress,,,a person standing on a tennis court in the dark
Actress,,,
Actress,,,woman in white lace dress kissing mans cheek
Actress,,,
Actress,,,man filming standing woman
Actress,,,
Actress,,,
Actress,,,
Actress,,,woman in car
Actress,,,
Actress,,,
Actress,,,lined people riding horse
Actress,,,
Actress,,,
Actress,,,person holding black corded headphones
Actress,,,
Actress,,,
Actress,,,
Actress,,,a man and a woman sitting at a table
Actress,,,
Actress,,,
Actress,,,
Actress,,,a woman in a white dress standing in front of a crowd of people
Actress,,,
Actress,,,
Actress,,,
Actress,,,woman holding smartphone while lying on bed near man holding professional camera
Actress,,,
Actress,,,
Actress,,,
List,,,
List,,,
List,,,
List,,,pathway surrounded with grasses
List,,,
List,,,
List,,,a white and black striped hat
List,,,
List,,,
List,,,
List,,,
List,,,grasses on sand near ocean
List,,,
List,,,
List,,,
List,,,a keyboard and a clipboard with a lock on it
List,,,
List,,,
List,,,white seashore
List,,,
List,,,
List,,,seashore
List,,,
List,,,
List,,,
List,,,a black and white photo of a textured surface
List,,,
List,,,
List,,,
List,,,
List,,,Cropped shot of female worker sitting at worktable with clipping path tablet and taking note in office.
List,,,
List,,,
List,,,
List,,,brown and white lighthouse on brown grass field under blue sky during daytime
List,,,
List,,,
List,,,
List,,,white printer paper
List,,,
List,,,
List,,,
List,,,
List,,,"MacBook Pro, white ceramic mug,and black smartphone on table"
List,,,
List,,,
List,,,
List,,,
List,,,"Close-up, a female assistant or secretary taking notes on the financial report at her office desk."
List,,,
List,,,
List,,,
List,,,person writing bucket list on book
Halloween,,,round brown and white decor lot
Halloween,,,
Halloween,,,
Halloween,,,
Halloween,,,silhouette photo of a cat
Halloween,,,
Halloween,,,white ceramic teacup filled with ghost illustration coffee latte on white ceramic saucer beside maroon leaf photography
Halloween,,,
Halloween,,,
Halloween,,,a group of carved pumpkins with lit candles
Halloween,,,
Halloween,,,
Halloween,,,person behind fog glass
Halloween,,,
Halloween,,,
Halloween,,,
Halloween,,,two skeleton near white concrete building with string lights at daytime
Halloween,,,
Halloween,,,
Halloween,,,
Halloween,,,pumpkin between lighted candles
Halloween,,,
Halloween,,,
Halloween,,,
Halloween,,,a large group of black fruit sitting on top of each other
Halloween,,,
Halloween,,,
Halloween,,,
Halloween,,,two lighted jack-o-lanterns during night time
Halloween,,,
Halloween,,,person holding cattle skull surrounded by squash and candles
Halloween,,,
Halloween,,,
Halloween,,,silhouette of trees during red moon
Halloween,,,
Halloween,,,
Halloween,,,
Halloween,,,Halloween evening glowing pumpkin Jack O lanterns on a front porch. 3D illustration
Halloween,,,
Halloween,,,
Halloween,,,
Halloween,,,person decorating pumpkin and candles
Halloween,,,
Halloween,,,
Halloween,,,
Halloween,,,
Halloween,,,selective focus photography of spiderweb
Halloween,,,
Halloween,,,
Halloween,,,
Halloween,,,
Halloween,,,person walking towards house
Halloween,,,
Halloween,,,
Halloween,,,
Halloween,,,a lighted scarecrow in a yard with a house in the background
Halloween,,,
Halloween,,,
Halloween,,,
Halloween,,,close-up of pumpkin near wall
Halloween,,,
Halloween,,,
Halloween,,,
Halloween,,,pile of orange squash
Halloween,,,
Aluminium,,,a large amount of metal flanges sitting on top of each other
List,,,
List,,,
List,,,
List,,,
List,,,a sign that is on the side of a building
List,,,
List,,,
List,,,
List,,,
List,,,a pencil on a table
List,,,
List,,,
List,,,
List,,,Three white stickers on dark board pinned with colored studs
List,,,
List,,,
List,,,
List,,,white printer paper close-up photography
List,,,
List,,,
List,,,a piece of paper with writing on it
List,,,
List,,,
List,,,
List,,,
List,,,white printer paper with black text
List,,,
List,,,
List,,,
List,,,
List,,,"Notepad and tick on sheet paper, on light purple background. Gears with todo list. Concept of list administration and management. 3D rendering"
List,,,
List,,,
List,,,
List,,,grasses on sand near ocean
List,,,
List,,,
List,,,a keyboard and a clipboard with a lock on it
List,,,
List,,,
List,,,a black and white photo of a textured surface
List,,,
List,,,
List,,,
List,,,"MacBook Pro, white ceramic mug,and black smartphone on table"
List,,,
List,,,
List,,,
List,,,person writing bucket list on book
List,,,
List,,,
List,,,
List,,,a pencil on a table
List,,,
List,,,
List,,,white printer paper close-up photography
List,,,
List,,,white printer paper with black text
List,,,
List,,,
List,,,
List,,,pathway surrounded with grasses
List,,,
List,,,a white and black striped hat
List,,,
List,,,
List,,,
List,,,white seashore
List,,,
Halloween,,,
Halloween,,,
Halloween,,,
Halloween,,,macro shot of spider web
Halloween,,,
Halloween,,,
Halloween,,,
Halloween,,,a decorated cookie with halloween decorations on it
Halloween,,,silhouette photo of a cat
Halloween,,,a group of carved pumpkins with lit candles
Halloween,,,
Halloween,,,
Halloween,,,two skeleton near white concrete building with string lights at daytime
Halloween,,,
Halloween,,,
Halloween,,,a large group of black fruit sitting on top of each other
Halloween,,,
Halloween,,,
Halloween,,,
Halloween,,,silhouette of trees during red moon
Halloween,,,
Halloween,,,
Halloween,,,person decorating pumpkin and candles
Halloween,,,
Halloween,,,
Halloween,,,
Halloween,,,selective focus photography of spiderweb
Halloween,,,
Halloween,,,
Halloween,,,
Halloween,,,a lighted scarecrow in a yard with a house in the background
Halloween,,,
Halloween,,,
Halloween,,,
Halloween,,,macro shot of spider web
Halloween,,,
Halloween,,,
Halloween,,,round brown and white decor lot
Halloween,,,
Halloween,,,
Halloween,,,white ceramic teacup filled with ghost illustration coffee latte on white ceramic saucer beside maroon leaf photography
Halloween,,,
Halloween,,,person behind fog glass
Halloween,,,
Halloween,,,
Halloween,,,pumpkin between lighted candles
Halloween,,,
Halloween,,,
Halloween,,,two lighted jack-o-lanterns during night time
Halloween,,,person holding cattle skull surrounded by squash and candles
Halloween,,,
Halloween,,,Halloween evening glowing pumpkin Jack O lanterns on a front porch. 3D illustration
Halloween,,,
Halloween,,,
Halloween,,,
Halloween,,,person walking towards house
Halloween,,,
Halloween,,,
Halloween,,,close-up of pumpkin near wall
Halloween,,,
Halloween,,,
Halloween,,,pile of orange squash
Halloween,,,
Halloween,,,
Halloween,,,
Halloween,,,a decorated cookie with halloween decorations on it
Halloween,,,white ceramic teacup filled with ghost illustration coffee latte on white ceramic saucer beside maroon leaf photography
Halloween,,,
Halloween,,,person behind fog glass
Halloween,,,
Aluminium,,,
Aluminium,,,
Aluminium,,,silver can on silver foil
Aluminium,,,
Aluminium,,,
Aluminium,,,A large amount of plastic bottles are stacked together
Aluminium,,,
Aluminium,,,
Aluminium,,,
Aluminium,,,
Aluminium,,,a close up of a shiny blue surface
Aluminium,,,
Aluminium,,,
Aluminium,,,a black and white photo of two metal cylinders
Aluminium,,,
Aluminium,,,a black and white photo of a metal sheet
Aluminium,,,
Aluminium,,,
Aluminium,,,
Aluminium,,,purple and gold ruffled wrap
Aluminium,,,
Aluminium,,,
Aluminium,,,
Aluminium,,,brown and white plastic pack
Aluminium,,,
Aluminium,,,
Aluminium,,,
Aluminium,,,
Aluminium,,,a black and white photo of a curved metal object
Aluminium,,,
Aluminium,,,black and white abstract painting
Aluminium,,,
Aluminium,,,
Aluminium,,,A pile of soda cans and cans of soda
Aluminium,,,
Aluminium,,,
Aluminium,,,
Aluminium,,,
Aluminium,,,A large amount of soda cans are stacked together
Aluminium,,,
Aluminium,,,
Aluminium,,,
Aluminium,,,
Aluminium,,,a mirror sitting on top of a tiled floor
Aluminium,,,
Aluminium,,,
Aluminium,,,
Aluminium,,,the back of a cell phone on a white surface
Aluminium,,,
Aluminium,,,
Aluminium,,,
Aluminium,,,
Aluminium,,,white and blue plastic bottle
Aluminium,,,
Aluminium,,,
Aluminium,,,
Aluminium,,,
Aluminium,,,brown and white cake on brown wooden tray
Aluminium,,,
Aluminium,,,
Aluminium,,,
Aluminium,,,a very close up picture of a shiny surface
Aluminium,,,
Aluminium,,,
Aluminium,,,
Aluminium,,,brown and white pastry on white textile
Aluminium,,,
Aluminium,,,
Aluminium,,,
Aluminium,,,white and blue tube bottle on pink textile
List,,,seashore
List,,,
List,,,
List,,,Cropped shot of female worker sitting at worktable with clipping path tablet and taking note in office.
List,,,
List,,,
List,,,
List,,,brown and white lighthouse on brown grass field under blue sky during daytime
List,,,
List,,,
List,,,white printer paper
List,,,
List,,,
List,,,
List,,,"Close-up, a female assistant or secretary taking notes on the financial report at her office desk."
List,,,
List,,,
List,,,
List,,,a sign that is on the side of a building
List,,,
List,,,
List,,,
List,,,Three white stickers on dark board pinned with colored studs
List,,,
List,,,
List,,,
List,,,a piece of paper with writing on it
List,,,
List,,,
List,,,
List,,,"Notepad and tick on sheet paper, on light purple background. Gears with todo list. Concept of list administration and management. 3D rendering"
List,,,
List,,,
List,,,
List,,,a keyboard and a clipboard with a lock on it
List,,,
List,,,
List,,,brown and white lighthouse on brown grass field under blue sky during daytime
List,,,
List,,,
List,,,"MacBook Pro, white ceramic mug,and black smartphone on table"
List,,,
List,,,
List,,,
List,,,a sign that is on the side of a building
List,,,
List,,,
List,,,
List,,,white printer paper close-up photography
List,,,
List,,,pathway surrounded with grasses
List,,,
List,,,grasses on sand near ocean
List,,,
List,,,
List,,,white seashore
List,,,
List,,,a black and white photo of a textured surface
List,,,
List,,,
List,,,
List,,,"Close-up, a female assistant or secretary taking notes on the financial report at her office desk."
List,,,
List,,,
List,,,
List,,,a pencil on a table
Halloween,,,
Halloween,,,two lighted jack-o-lanterns during night time
Halloween,,,silhouette of trees during red moon
Halloween,,,
Halloween,,,
Halloween,,,person decorating pumpkin and candles
Halloween,,,
Halloween,,,
Halloween,,,
Halloween,,,person walking towards house
Halloween,,,
Halloween,,,
Halloween,,,pile of orange squash
Halloween,,,
Halloween,,,
Halloween,,,
Halloween,,,round brown and white decor lot
Halloween,,,
Halloween,,,
Halloween,,,two skeleton near white concrete building with string lights at daytime
Halloween,,,
Halloween,,,
Halloween,,,a large group of black fruit sitting on top of each other
Halloween,,,
Halloween,,,
Halloween,,,
Halloween,,,selective focus photography of spiderweb
Halloween,,,
Halloween,,,
Halloween,,,
Halloween,,,a lighted scarecrow in a yard with a house in the background
Halloween,,,
Halloween,,,
Halloween,,,
Halloween,,,silhouette photo of a cat
Halloween,,,a group of carved pumpkins with lit candles
Halloween,,,
Halloween,,,
Halloween,,,pumpkin between lighted candles
Halloween,,,
Halloween,,,
Halloween,,,person holding cattle skull surrounded by squash and candles
Halloween,,,
Halloween,,,Halloween evening glowing pumpkin Jack O lanterns on a front porch. 3D illustration
Halloween,,,
Halloween,,,
Halloween,,,
Halloween,,,close-up of pumpkin near wall
Halloween,,,
Halloween,,,
Halloween,,,macro shot of spider web
Halloween,,,
Halloween,,,
Aluminium,,,
Aluminium,,,
Aluminium,,,
Aluminium,,,a bunch of glass balls sitting on top of a table
Aluminium,,,
Aluminium,,,
Aluminium,,,
Aluminium,,,a large amount of metal flanges sitting on top of each other
Aluminium,,,
Aluminium,,,
Aluminium,,,A large amount of plastic bottles are stacked together
Aluminium,,,
Aluminium,,,
Aluminium,,,
Aluminium,,,a black and white photo of two metal cylinders
Aluminium,,,
Aluminium,,,purple and gold ruffled wrap
Aluminium,,,
Aluminium,,,
Aluminium,,,a black and white photo of a curved metal object
Aluminium,,,
Aluminium,,,A large amount of soda cans are stacked together
Aluminium,,,
Aluminium,,,
Aluminium,,,
Aluminium,,,a mirror sitting on top of a tiled floor
Aluminium,,,
Aluminium,,,
Aluminium,,,
Aluminium,,,white and blue plastic bottle
Aluminium,,,
Aluminium,,,
Aluminium,,,
Aluminium,,,a very close up picture of a shiny surface
Aluminium,,,
Aluminium,,,
Aluminium,,,
Aluminium,,,white and blue tube bottle on pink textile
Aluminium,,,
Aluminium,,,
Aluminium,,,silver can on silver foil
Aluminium,,,
Aluminium,,,a close up of a shiny blue surface
Aluminium,,,
Aluminium,,,a black and white photo of a metal sheet
Aluminium,,,
Aluminium,,,
Aluminium,,,brown and white plastic pack
Aluminium,,,
Aluminium,,,
Aluminium,,,
Aluminium,,,black and white abstract painting
Aluminium,,,
Aluminium,,,A pile of soda cans and cans of soda
Aluminium,,,
Aluminium,,,
Aluminium,,,
Aluminium,,,the back of a cell phone on a white surface
Aluminium,,,
King,,,a silver and gold chess set on a black and white checkered floor
List,,,
List,,,
List,,,a piece of paper with writing on it
List,,,
List,,,
List,,,
List,,,a white and black striped hat
List,,,
List,,,
List,,,
List,,,seashore
List,,,
List,,,
List,,,Cropped shot of female worker sitting at worktable with clipping path tablet and taking note in office.
List,,,
List,,,
List,,,
List,,,white printer paper
List,,,
List,,,
List,,,
List,,,person writing bucket list on book
List,,,
List,,,
List,,,
List,,,Three white stickers on dark board pinned with colored studs
List,,,
List,,,
List,,,
List,,,white printer paper with black text
List,,,
List,,,
List,,,
Aluminium,,,
Aluminium,,,
Aluminium,,,brown and white cake on brown wooden tray
Aluminium,,,
Aluminium,,,
Aluminium,,,brown and white pastry on white textile
Aluminium,,,
Aluminium,,,
Aluminium,,,a bunch of glass balls sitting on top of a table
Aluminium,,,
Aluminium,,,
Aluminium,,,a large amount of metal flanges sitting on top of each other
Aluminium,,,
Aluminium,,,
Aluminium,,,a close up of a shiny blue surface
Aluminium,,,
Aluminium,,,purple and gold ruffled wrap
Aluminium,,,
Aluminium,,,
Aluminium,,,A pile of soda cans and cans of soda
Aluminium,,,
Aluminium,,,
Aluminium,,,
Aluminium,,,white and blue plastic bottle
Aluminium,,,
Aluminium,,,
Aluminium,,,
Aluminium,,,white and blue tube bottle on pink textile
Aluminium,,,
Aluminium,,,
Aluminium,,,silver can on silver foil
Aluminium,,,
Aluminium,,,a black and white photo of a metal sheet
Aluminium,,,
Aluminium,,,
Aluminium,,,brown and white plastic pack
Aluminium,,,
Aluminium,,,
Aluminium,,,
Aluminium,,,black and white abstract painting
Aluminium,,,
Aluminium,,,a mirror sitting on top of a tiled floor
Aluminium,,,
Aluminium,,,
Aluminium,,,
Aluminium,,,brown and white cake on brown wooden tray
Aluminium,,,
Aluminium,,,
Aluminium,,,brown and white pastry on white textile
Aluminium,,,
Aluminium,,,
Aluminium,,,A large amount of plastic bottles are stacked together
Aluminium,,,
King,,,
King,,,
King,,,person wearing red and white coat
King,,,
King,,,
King,,,
King,,,
King,,,religious painting
King,,,
King,,,
King,,,
King,,,woman in blue and brown dress holding a stick
King,,,
King,,,
King,,,
King,,,
King,,,a lion lying down
King,,,
King,,,
King,,,brown trees on snow covered ground during daytime
King,,,
King,,,
King,,,
King,,,
King,,,brown wooden fence near green and brown trees during daytime
King,,,
King,,,
King,,,religious wallpaper
King,,,
King,,,
King,,,
King,,,a small gold bowl
King,,,
King,,,lined leafed trees
King,,,
King,,,
King,,,
King,,,grayscale photo of three men walking on concrete pavement
King,,,
King,,,
King,,,
King,,,
King,,,jack of diamonds playing card
King,,,
King,,,
King,,,
King,,,
King,,,a person holding a playing card in their hand
King,,,
King,,,
King,,,a large building with a clock on the front of it
King,,,
King,,,
King,,,
King,,,
King,,,grayscale photography of boy taking off sunglasses
King,,,
King,,,
King,,,queen and king chess pieces on board
Aluminium,,,
Aluminium,,,
Aluminium,,,a black and white photo of two metal cylinders
Aluminium,,,
Aluminium,,,a black and white photo of a curved metal object
Aluminium,,,
Aluminium,,,A large amount of soda cans are stacked together
Aluminium,,,
Aluminium,,,
Aluminium,,,
Aluminium,,,the back of a cell phone on a white surface
Aluminium,,,
Aluminium,,,
Aluminium,,,
Aluminium,,,a very close up picture of a shiny surface
Aluminium,,,
Aluminium,,,
Aluminium,,,
Aluminium,,,a bunch of glass balls sitting on top of a table
Aluminium,,,
Aluminium,,,
King,,,
King,,,
King,,,
King,,,
King,,,a black and white photo of a chess board
King,,,
King,,,
King,,,
King,,,lion lying near tree
King,,,
King,,,
King,,,
King,,,person playing poker
King,,,
King,,,
King,,,
King,,,
King,,,lion in close up shot
King,,,
King,,,
King,,,a silver and gold chess set on a black and white checkered floor
King,,,
King,,,
King,,,woman in blue and brown dress holding a stick
King,,,
King,,,
King,,,
King,,,a lion lying down
King,,,
King,,,
King,,,religious wallpaper
King,,,
King,,,
King,,,lined leafed trees
King,,,
King,,,
King,,,jack of diamonds playing card
King,,,
King,,,
King,,,
King,,,a large building with a clock on the front of it
King,,,
King,,,
King,,,
King,,,grayscale photography of boy taking off sunglasses
King,,,
King,,,a black and white photo of a chess board
King,,,
King,,,
King,,,
King,,,lion in close up shot
King,,,
King,,,person wearing red and white coat
King,,,
King,,,
King,,,
King,,,religious painting
King,,,
King,,,
King,,,brown trees on snow covered ground during daytime
King,,,
King,,,
King,,,
King,,,brown wooden fence near green and brown trees during daytime
King,,,
King,,,a small gold bowl
King,,,
King,,,grayscale photo of three men walking on concrete pavement
King,,,
King,,,
King,,,
King,,,a person holding a playing card in their hand
King,,,
King,,,
King,,,queen and king chess pieces on board
King,,,
King,,,
King,,,
King,,,lion lying near tree
King,,,
King,,,
King,,,person playing poker
King,,,
King,,,
King,,,
King,,,a silver and gold chess set on a black and white checkered floor
King,,,
King,,,
King,,,a lion lying down
King,,,
King,,,
King,,,a small gold bowl
King,,,
King,,,lined leafed trees
King,,,
King,,,
King,,,a person holding a playing card in their hand
King,,,
King,,,
King,,,person playing poker
King,,,
King,,,
King,,,
King,,,person wearing red and white coat
King,,,
King,,,
King,,,
King,,,woman in blue and brown dress holding a stick
King,,,
King,,,
King,,,
King,,,brown wooden fence near green and brown trees during daytime
King,,,
King,,,grayscale photo of three men walking on concrete pavement
King,,,
King,,,
King,,,
King,,,a large building with a clock on the front of it
King,,,
King,,,
King,,,
King,,,queen and king chess pieces on board
King,,,
King,,,
King,,,
King,,,lion lying near tree
King,,,
King,,,
King,,,lion in close up shot
King,,,
King,,,religious painting
King,,,
King,,,
King,,,brown trees on snow covered ground during daytime
King,,,
King,,,
King,,,
King,,,religious wallpaper
King,,,
King,,,
King,,,jack of diamonds playing card
King,,,
King,,,
King,,,
King,,,grayscale photography of boy taking off sunglasses
King,,,
King,,,a black and white photo of a chess board
King,,,
King,,,
King,,,
